First Name, LastName
Addison,Black
Adrian,Sosa
Alden,Long
Amery,Glover
Amos,Workman
Andrew,Kaufman
Anjolie,York
Arsenio,Peck
Austin,Mercado
Baker,Avila
Barrett,Hurst
Barry,Warren
Beatrice,Bray
Benedict,Bell
Caesar,Long
Cameron,Clayton
Charissa,Hardin
Clio,Everett
Connor,Cameron
Cynthia,Bean
Cynthia,Mayer
Deirdre,Odonnell
Dolan,Valentine
Doris,Vincent
Elijah,Mclean
Ethan,Pace
Felix,Brown
Francis,Anderson
Fulton,Morin
Gage,Morales
Gavin,Matthews
Gray,Chase
Honorato,Walton
Jaden,Best
Jane,Hardy
Jesse,Parks
Jonah,Fernandez
Juliet,Reilly
Kadeem,Martinez
Kai,Barrett
Kai,Gentry
Karina,Hoover
Kaseem,Mathis
Kellie,Jennings
Kennan,Winters
Kenneth,Good
Kibo,Preston
Lane,Summers
Lara,Hickman
Lesley,Ray
Lesley,Pennington
Logan,Payne
MacKenzie,Wells
Macaulay,Hendrix
Madaline,Stafford
Mara,Bartlett
Maris,Battle
Mark,Warner
Maxwell,Gross
Molly,Franco
Myra,Gibson
Nero,Chan
Nissim,Thompson
Nita,Bird
Odysseus,Mercer
Omar,Hodge
Phelan,Herring
Prescott,Serrano
Quyn,Bowman
Raphael,Wall
Raphael,Graham
Rinah,Hill
Roary,Levine
Rogan,Calhoun
Sandra,Valenzuela
Sean,Quinn
Shad,Morgan
Simone,Wilder
Sonya,Gillespie
Steven,Merrill
Troy,Hyde
Troy,Mcintyre
Uma,Mcgee
Uma,Whitley
Unity,Stanton
Uta,Harris
Vivian,Bryan
Willow,Copeland
Wyatt,Flores
Xanthus,Kramer
Yoshio,Bennett
Yoshio,Shelton
Zeus,Cunningham
Zeus,Nixon
