FirstName,LastName,DoB
Sylvia,Love,11-12-32
Austin,Mercado,29-11-57
Zena,Rosa,27-10-46
Colton,Gilliam,27-01-39
Uma,Avery,10-10-48
Tatum,Malone,28-03-37
Piper,Cotton,04-07-50
Lars,Houston,11-08-96
Cara,Landry,02-03-97
Herrod,Kim,07-07-91
Shay,Bowman,19-08-45
Connor,Larsen,25-09-87
Zeph,Alvarado,01-03-60
Naida,Hill,31-03-77
Quincy,Rowe,21-05-44
Elvis,Davis,02-01-35
Jordan,Harding,13-01-77
Marah,Oneal,12-09-56
Ira,Lambert,20-01-57
Curran,Castillo,18-06-88
Philip,Burnett,16-12-62
Kenyon,Mooney,08-06-32
Barry,Bishop,10-08-52
Preston,Greer,28-05-33
Molly,Franco,26-11-91
Drew,Buckner,18-10-36
Emery,Oneill,09-08-36
Kiara,Kline,08-06-93
Charissa,Hardin,03-11-52
Eliana,Garner,24-02-96
Silas,Burke,25-08-40
Rowan,Mcintosh,06-09-83
Luke,Odom,01-01-33
Arsenio,Peck,10-11-99
Zeph,Miranda,17-08-90
Irma,Craft,24-12-67
Brandon,Stephens,04-10-00
Beatrice,Bray,19-11-32
Brynne,Sullivan,15-12-41
Norman,Pacheco,10-01-41
Barrett,Hurst,18-11-41
Victor,Wong,18-08-81
Dustin,Holland,13-03-71
Eric,Chapman,06-12-89
Hoyt,Whitfield,30-06-00
Karleigh,Wilkinson,29-07-91
Chancellor,Anthony,10-06-54
Cairo,Travis,28-03-45
Duncan,Caldwell,03-07-77
Gil,Frazier,17-04-57
Ella,Norris,15-12-72
Myra,Gibson,14-11-81
James,Ortiz,09-01-82
Lisandra,Roberson,04-12-48
Chelsea,Solis,26-03-79
Hayfa,Stokes,26-06-51
Clarke,Bean,07-02-42
Palmer,Galloway,12-09-98
Yoshio,Bennett,11-11-50
Shana,Crosby,12-07-92
Sara,Cochran,24-07-39
Ivy,Chapman,19-01-86
Rachel,Bridges,20-10-31
Ifeoma,Roman,19-05-66
Jocelyn,Dawson,27-10-84
Grady,Cummings,21-09-41
Sydnee,Newman,18-04-38
Ishmael,Williamson,30-03-86
Benjamin,Robinson,17-07-53
Prescott,Ford,22-04-53
Amber,Howard,22-10-60
Hunter,Sweet,27-01-58
Clementine,Duran,07-07-89
Blake,Gamble,08-01-39
Craig,Anderson,08-03-95
Blair,Lindsay,06-05-00
Lesley,Ray,27-11-77
Kareem,Cook,16-09-93
Elijah,Mclean,11-11-64
Josiah,Estrada,30-10-75
Isaiah,Huber,28-04-35
Cleo,Duke,19-12-67
Hedley,Dudley,25-01-47
Trevor,Deleon,09-06-92
Ethan,Pace,01-11-69
Forrest,Ferguson,05-01-77
Cheryl,Mcdaniel,03-12-57
Griffin,Sosa,20-12-77
Hyatt,Goff,08-06-30
Tucker,Randall,15-05-90
Colton,Conley,28-02-52
Madaline,Lee,08-06-82
Regan,Powers,25-07-37
Stuart,Marks,13-04-38
Teagan,Padilla,19-05-73
Anne,Todd,05-07-99
Tanisha,Sutton,31-03-67
Xavier,Peck,09-10-60
John,Snider,17-12-60
Shellie,Serrano,11-01-31
Savannah,Glass,09-10-00
Troy,Hyde,24-11-72
Alexa,Fernandez,09-05-38
Keefe,Sweeney,03-06-30
Fleur,Lloyd,01-08-32
Zoe,Jimenez,12-03-73
Quinn,Moody,18-04-74
Portia,Hale,19-02-78
Holly,Harding,26-10-81
Roary,Levine,05-11-67
Xavier,Mcintosh,25-04-41
Arthur,Mcdonald,18-01-78
Hakeem,Peck,07-05-99
Cyrus,Rojas,10-07-53
Lacota,Castro,22-05-66
Kirestin,Orr,28-06-59
Bryar,Eaton,06-07-48
Fitzgerald,Clemons,24-05-45
Kirestin,Hanson,10-10-91
Dale,Torres,25-04-43
Jenna,Bean,06-07-88
Madonna,Berry,09-09-45
Emery,Levy,09-08-45
Jerry,Harding,24-05-74
Michelle,Chavez,25-01-63
Charde,Sampson,08-01-97
Skyler,Bridges,27-03-00
Bree,Moran,13-05-77
Velma,Mccarty,10-08-47
Camden,Reed,28-02-54
Kylee,Sanchez,09-12-86
Barry,Casey,08-05-33
Iris,Rodriguez,03-07-91
Camille,Gallagher,20-04-47
Constance,Wynn,26-05-32
Armando,Cash,27-09-55
Dexter,Jacobson,19-10-89
Ocean,Bradford,29-10-41
Ross,Dickerson,27-09-72
Drake,Gallegos,17-08-78
Jolie,Hodges,26-12-33
Lani,Wright,12-05-85
Yeo,Myers,26-06-50
Fatima,Houston,22-12-94
Jenette,Sears,22-09-70
Robert,Jacobson,05-07-66
Paki,Hampton,23-07-64
Bruno,Good,23-06-56
Colorado,Foreman,31-07-39
Hector,Knox,31-10-46
Jasper,Bates,16-05-78
Sydney,Mcgee,21-06-55
Phillip,Knight,24-07-51
Thomas,Cardenas,26-05-61
Samantha,Stanley,13-10-52
Chantale,Sloan,18-07-67
Faith,Lyons,23-07-47
Celeste,Harrell,24-08-77
Sloane,Hubbard,16-01-33
Clementine,Wilson,02-12-97
Riley,Lott,27-12-78
Marcia,Douglas,06-04-60
Jonah,Sanders,14-01-89
Oscar,Blackwell,01-03-61
Leslie,Combs,02-02-99
Nolan,Horton,20-09-47
Claudia,Russo,04-02-81
Vivian,Bryan,10-11-81
Unity,Stephens,19-03-40
Barry,Warren,17-11-85
Urielle,Odom,18-12-60
Ursula,Camacho,19-05-67
Hop,Poole,17-12-70
Rhonda,Summers,17-05-89
Judah,Delaney,17-02-36
Gisela,Mccormick,29-01-38
Kaden,Roach,18-08-00
Doris,Vincent,05-11-49
Maite,Conway,23-06-32
Ryan,Humphrey,02-10-57
Oprah,Blanchard,09-07-71
Cole,Morrison,24-06-60
Clementine,Romero,18-10-54
Justina,Mccoy,13-07-49
Evangeline,Diaz,04-04-00
Keely,Patton,06-12-89
Naida,Reynolds,14-08-71
Gannon,England,18-10-31
Abdul,Clayton,30-10-73
Brock,Faulkner,08-08-76
Clinton,Cantu,19-04-61
Cleo,Travis,30-09-47
Lillian,Deleon,22-01-58
Devin,Holcomb,21-05-70
Len,Malone,04-12-56
Katell,Manning,27-06-70
Dante,Lyons,30-08-93
Yuli,Mcknight,16-05-87
Aphrodite,Thomas,12-03-55
Brenna,Cain,05-03-70
Eve,Cruz,10-02-75
Merritt,Ball,28-01-58
Shelly,Gonzales,29-05-73
Berk,Hinton,28-10-50
Dorothy,Gilmore,17-05-43
Brandon,Suarez,05-09-94
Stephanie,Short,19-02-78
Walker,Moses,24-05-80
Yardley,Blake,12-03-53
Emmanuel,Bray,13-07-71
Tamara,Bauer,18-04-55
Josiah,Beck,22-09-34
Palmer,Sandoval,10-10-94
Seth,Torres,21-10-93
Isabelle,Mcdowell,01-07-82
Minerva,Holder,23-05-85
Burke,Gillespie,26-10-84
Nehru,Curry,16-04-30
Frances,Harper,14-03-48
Russell,Holman,27-03-71
MacKensie,Hudson,27-07-69
Flynn,Reyes,16-09-81
Keelie,Perkins,27-07-85
Christian,Kelley,27-09-84
Lev,Gross,26-06-50
Emmanuel,Delaney,25-08-62
Julian,Tyler,04-06-76
Jaden,Best,27-11-57
Blossom,Boyle,04-10-47
Daphne,English,21-05-35
Silas,Nolan,26-01-80
Rylee,Church,09-02-37
Mark,Warner,23-11-59
Rebekah,Cherry,19-10-85
Cain,Abbott,17-12-46
Tatyana,Potts,15-06-87
Wade,Becker,02-03-71
Marshall,Manning,23-12-57
Rose,Schmidt,25-08-38
Jessica,Salazar,21-04-90
Mikayla,Huber,26-09-67
TaShya,Dyer,01-02-30
Wilma,Malone,17-12-79
Karly,Rutledge,06-09-98
Abigail,Silva,19-08-76
Deanna,Richardson,26-12-79
Amal,Rasmussen,13-09-67
Aurora,Schmidt,15-08-80
Lareina,Sawyer,28-12-41
Ulric,Coffey,30-03-48
Noah,Whitfield,14-03-53
Urielle,Melendez,17-04-67
Aurelia,Marshall,30-09-77
Harlan,Moore,22-10-52
Perry,Reese,03-10-36
Alisa,Sellers,31-07-87
Raphael,Wall,03-11-93
Mary,Watkins,14-12-59
Simon,Macias,07-03-89
Marah,Kane,28-04-53
Ronan,Hansen,29-09-44
Nigel,Conner,31-10-71
Mariko,Shepherd,14-05-74
Kenneth,Good,24-11-87
Kirestin,House,09-06-39
Raya,Moss,15-03-39
Cadman,Gross,12-01-47
Debra,Dejesus,23-04-73
Brynne,Ross,03-01-52
Oren,Allison,11-12-48
Charde,Myers,18-10-31
Shad,Jacobson,23-05-36
Kibo,Preston,26-11-30
Yvonne,Farmer,18-12-67
Camden,Key,28-08-46
Gwendolyn,Oneil,07-12-60
Abbot,Manning,12-07-92
Bruno,Vargas,27-01-96
Yael,Decker,04-12-38
Wade,Robles,16-06-39
Caryn,Bates,25-06-48
Buckminster,Hess,11-03-78
Shoshana,Summers,03-06-81
Lev,Morton,30-01-94
Judith,Gould,08-12-37
Micah,Lancaster,27-02-53
Yen,Rutledge,12-02-70
Henry,Cervantes,19-04-44
Davis,Stevens,17-04-85
Jordan,Becker,13-10-45
Mariko,Cole,19-04-51
Aspen,Thomas,26-09-95
Scarlet,Doyle,10-02-88
Deirdre,Hayden,07-03-50
Zenaida,Scott,22-10-90
Brenda,Leonard,05-12-56
Judah,Burgess,08-12-50
Rashad,Paul,30-07-34
Camden,Evans,20-09-69
Yuli,Coleman,19-06-91
Norman,Noel,28-03-91
Imogene,Drake,16-06-63
Clayton,Chambers,05-06-54
Malcolm,Acevedo,11-10-78
Michelle,Holden,14-06-85
Lenore,Huffman,28-12-59
Aiko,Johnson,14-09-59
Hakeem,Stewart,20-12-32
Whilemina,Carlson,01-03-48
Serena,Ray,14-09-86
Clementine,Bartlett,10-05-49
Ahmed,Nash,06-10-37
Lareina,Lowe,07-04-92
Harper,Drake,09-09-40
Blaze,Ortega,02-04-66
Quin,Skinner,02-10-54
Ainsley,Norton,18-08-42
Isabelle,Byers,10-08-96
Barry,Larsen,06-05-35
Dalton,Tyson,22-04-81
Whoopi,Ingram,25-08-45
Emery,Knox,28-09-57
Brynn,Munoz,04-04-64
Flynn,Cotton,01-05-41
Arthur,Mays,10-06-95
Natalie,Osborn,02-05-54
Nolan,Oconnor,27-01-83
Rogan,Calhoun,03-11-77
Jocelyn,Pittman,08-02-62
Brian,Slater,17-04-59
Bo,Glass,23-12-88
Quinn,Clayton,15-03-77
Vivian,Solomon,31-01-88
Amir,Daniels,19-06-59
Leilani,Snider,09-07-72
Orlando,Baxter,17-06-43
Blaze,Hines,29-05-82
Breanna,Anderson,13-02-87
Jillian,Lawson,26-04-87
Ashton,Lester,15-06-46
Kennan,Bolton,28-07-38
Dale,Kennedy,21-01-67
Kyle,Gibbs,24-06-82
Kirk,Hampton,15-09-85
Jamalia,Blackwell,22-07-95
Colleen,Thomas,15-03-31
Yardley,Burke,29-10-96
Adrian,Payne,18-06-70
Kennan,Winters,20-11-70
Gage,Morales,07-11-78
Ferris,Bradshaw,30-10-54
Jelani,Mcguire,30-06-94
Ishmael,Mcdowell,07-07-76
Sydney,Cook,20-05-57
Martena,Christensen,07-08-75
Hector,Stone,07-07-51
Brianna,Mckee,18-05-43
Louis,Sexton,15-09-82
Vernon,Meadows,17-10-96
Caleb,Morrison,23-09-76
Iliana,James,13-05-52
Yoko,Buckley,24-02-32
Gretchen,Pacheco,02-10-67
Mohammad,Snider,31-08-76
Nero,Aguirre,14-08-92
Burton,Acosta,23-06-88
Felix,Brown,22-11-97
Fay,Deleon,21-10-64
Beatrice,Quinn,25-05-79
Jeanette,Ramirez,23-08-63
Hiroko,Oconnor,20-02-55
Eugenia,Gilbert,27-06-47
Alden,Dean,06-07-39
Lucas,Frazier,26-08-64
Vivien,Richard,03-08-58
Heather,Meadows,27-07-72
Anthony,Grant,29-10-44
Katelyn,Graham,31-10-84
Ruth,Roy,04-03-42
Marshall,Holman,30-06-58
Cameron,Clayton,13-11-75
Merrill,Hudson,22-01-52
Veronica,Weiss,29-01-85
Kaitlin,Carey,01-06-30
Quintessa,Hopper,15-09-55
Ali,Hendrix,09-10-78
Martin,Porter,08-03-64
Maris,Santiago,20-03-64
Dominic,Donovan,29-10-45
Marshall,Freeman,08-01-87
Driscoll,Mckay,24-08-52
Ainsley,Cooke,24-07-94
Ignacia,Osborne,07-10-62
Armando,Stephens,21-02-42
Deborah,Ramirez,23-03-39
Calvin,Contreras,27-10-83
Emmanuel,Carson,31-01-87
Beau,Newton,18-12-46
Priscilla,Mcbride,06-02-34
Kylynn,Blankenship,23-12-00
Aladdin,Francis,07-08-95
Sandra,Valenzuela,24-11-64
Anjolie,York,06-11-36
Rina,Meadows,01-09-75
Haley,Chen,18-12-55
Ryder,Baird,12-03-38
Alfonso,Kidd,27-05-61
Gillian,Acosta,17-06-47
Zeus,Cunningham,24-11-82
Cynthia,Bean,24-11-90
Uta,Wells,07-01-52
Penelope,Burris,21-09-75
Brianna,Burke,07-01-95
Quintessa,Bowen,16-12-44
Uriah,Alston,20-05-63
Tanya,Finley,17-07-68
Ursa,Glass,14-08-30
Eve,Tillman,02-12-88
Thor,Mckenzie,22-10-31
Ralph,Aguirre,30-05-57
Donovan,Saunders,16-03-53
Mara,Bartlett,29-11-89
Wendy,Robertson,09-07-68
Kaseem,Hardin,05-02-68
Sawyer,Dean,21-05-89
Aileen,Schroeder,18-12-46
Vera,Ortiz,05-04-76
Alden,Long,30-11-92
Kirestin,Stark,18-12-82
Lucian,Park,10-01-89
Ira,Sexton,30-08-72
Eugenia,Dennis,27-10-63
Erich,Kinney,30-08-45
Nichole,Mccray,06-05-00
Idola,Lynn,08-05-33
John,Anthony,23-01-73
Joseph,Britt,17-07-65
Amanda,Wise,15-10-33
Shelly,Becker,21-09-41
Vladimir,Garza,16-05-69
Nero,Chan,02-11-59
Simone,Wilder,22-11-59
Jillian,Patrick,30-04-84
MacKenzie,Wells,16-11-62
Chandler,Patton,29-10-93
Rachel,Sargent,05-04-54
Denton,Hartman,16-04-44
Quintessa,Gomez,24-02-61
Indigo,Morrison,10-08-59
Aurora,Gallagher,28-02-96
Kim,Maldonado,21-04-52
Kirsten,Dyer,29-03-59
Melyssa,Schroeder,05-01-93
Maisie,Chase,15-12-53
Sybill,Cochran,05-09-58
Rashad,Briggs,06-03-45
Yeo,Olsen,31-05-96
Salvador,Chandler,15-05-36
Grace,Taylor,04-07-41
Quyn,Bowman,17-11-45
Alika,Carney,08-10-84
Ruth,Atkinson,16-09-37
Jerome,Mueller,16-09-42
Harlan,Osborn,22-07-95
Octavia,Ware,19-05-73
Zane,Cook,07-09-32
Jessamine,Mitchell,04-06-56
Rhoda,Velez,28-06-71
Raphael,Graham,25-11-30
Colin,Crosby,20-06-65
Briar,Hinton,22-09-67
Regina,Workman,18-09-88
Austin,Snider,13-12-39
Clark,Frost,12-05-76
Sarah,Irwin,24-10-67
Audrey,Thompson,27-09-65
Flynn,Patel,01-08-39
Lane,Gilmore,17-06-77
Boris,Klein,12-07-38
Darrel,Hutchinson,20-05-53
Blake,Duncan,10-12-65
David,Gonzales,28-09-68
Jena,Chambers,07-03-44
Jameson,Roth,16-09-73
Signe,Dean,28-10-00
Theodore,Cook,10-09-81
Cynthia,Kemp,01-07-53
Gil,Porter,29-06-97
Ignacia,Lawson,31-10-50
Gail,Ashley,24-02-45
Yoshio,Bass,14-01-63
Gavin,Moss,31-07-61
Hamilton,Waters,13-06-62
Michelle,Garner,08-06-65
Rebekah,Ewing,08-01-42
Nina,Fuller,25-05-34
Martina,Dickerson,26-09-98
Hyatt,Wilkins,18-09-31
Xanthus,Kennedy,07-08-73
Meredith,Chan,28-03-92
Shaeleigh,Crosby,23-08-57
Skyler,Leblanc,18-03-72
Wynter,Lynch,01-07-89
Daryl,Keith,12-01-33
Nasim,Carlson,11-06-47
Edan,Nolan,07-02-37
Nash,Daugherty,15-09-33
Amber,Roberson,12-12-39
Stella,Ware,03-06-70
Lavinia,Peters,22-03-74
Isaiah,Holmes,03-07-69
Meghan,Blackwell,15-08-56
Buffy,Holt,19-08-52
Alvin,Marks,11-10-83
Jaquelyn,Blake,01-07-88
Abra,Klein,21-08-95
Juliet,Reilly,11-11-30
Lilah,Kelly,12-07-58
Patrick,Roy,29-10-95
Kadeem,Martinez,18-11-56
Aquila,Lowery,17-12-98
Seth,Miles,02-06-93
Azalia,Nelson,19-08-78
Hedy,Richards,30-10-85
Cade,Woodard,03-04-89
Sydnee,Wheeler,12-05-43
Zachery,Page,24-01-44
Ishmael,Jennings,25-05-72
Emery,Buckley,09-07-97
Mercedes,Sheppard,26-12-56
Wilma,Farley,12-05-66
Isaiah,Patrick,08-03-79
Illana,Velazquez,07-08-44
Katell,Salinas,24-03-64
Kylie,Bean,24-04-30
Lewis,Tran,21-03-00
Hannah,Wilkins,25-02-80
Steven,Merrill,17-11-80
Laurel,Sloan,01-06-55
Ali,Byrd,26-08-47
Britanni,Kirby,31-12-90
Declan,Harmon,15-12-93
Gray,Hahn,09-01-36
Xander,Mccarthy,20-09-47
Winifred,Ramsey,10-06-43
Branden,Hawkins,26-02-51
Jerome,Montgomery,03-06-61
Chester,Underwood,21-03-52
Elvis,Melendez,02-03-81
Sophia,Witt,14-04-45
Colt,Garcia,17-01-37
Stuart,Beach,10-01-73
Uriel,Bass,18-08-65
Odessa,Best,30-01-74
Shelly,Blackwell,07-07-60
Giselle,Becker,19-05-85
Mark,Michael,16-06-54
Wylie,Pratt,30-03-71
Baxter,Dale,13-12-32
Sonya,Gillespie,12-11-41
Mira,Stevens,21-07-95
Phyllis,Morrow,13-08-39
Samuel,Williams,16-02-73
Michael,Hahn,08-06-96
Fitzgerald,Hooper,01-03-61
Shaeleigh,Carr,09-02-67
Logan,Clark,06-12-52
Clayton,Glass,01-05-50
Moana,Chase,08-10-91
Bree,Stout,13-05-47
Forrest,Morse,21-05-72
Kennan,Fowler,05-09-43
Octavia,Shields,23-12-44
Andrew,Kaufman,15-11-77
Ainsley,Ortiz,19-08-38
Jerry,Buck,17-05-69
Lionel,Noble,11-12-64
Rinah,Bridges,24-10-54
Keaton,Alford,13-02-43
Ivor,Murphy,07-03-34
Adam,Bird,30-10-84
Ahmed,Cobb,26-12-80
Patricia,Floyd,18-05-66
Mariam,Head,25-10-60
Kamal,Stephenson,24-08-34
Xyla,Warner,10-09-48
Kai,Barrett,21-11-62
Asher,Medina,14-05-60
Gage,Brooks,25-10-91
Jack,Becker,30-03-53
Ciara,Oneil,08-09-94
Walter,Rivera,20-08-53
Connor,Solis,01-08-31
Rhea,Glenn,19-04-66
Ginger,Campos,26-08-72
Alfreda,Welch,05-06-93
Justin,Obrien,20-07-53
Damian,Hoffman,24-02-48
Kevin,Hoffman,02-06-42
Jayme,Lynn,29-07-44
Rhonda,Cook,14-01-45
Bree,Hurst,24-01-72
Germane,Kim,10-12-38
Melanie,Wade,17-03-76
Kevyn,Cole,14-05-79
Wendy,Dalton,22-09-95
Buffy,Cole,17-06-62
Rinah,Hill,28-11-68
Uma,Mcgee,02-11-45
Howard,Decker,26-07-00
Jane,Riggs,20-02-36
George,Powers,10-09-80
Tatyana,York,26-07-62
Doris,Vargas,30-06-98
Deanna,Mccray,18-03-37
Knox,Flores,22-08-92
Doris,Maldonado,20-05-31
Laura,Prince,11-06-30
Connor,Cameron,08-11-38
Althea,Flynn,30-08-54
Melvin,Sharpe,17-07-56
Igor,Mullen,14-05-31
Raven,Torres,20-08-79
Angelica,Christensen,19-04-79
Aretha,Mccoy,15-08-36
Charissa,Franco,15-01-37
Armand,Doyle,03-09-77
Trevor,Cline,29-04-92
Adrian,Sosa,24-11-63
Imelda,Galloway,10-12-99
Caldwell,Reeves,09-01-30
Yvette,Dodson,15-08-53
Ryan,Glover,10-12-54
Brendan,Carter,10-04-88
Zephania,Torres,21-09-33
Abel,Howard,14-04-42
Jakeem,Avery,25-03-92
Anthony,Dunn,16-08-70
Stephanie,Maxwell,01-06-46
Althea,Kim,01-04-33
Chiquita,Shaw,29-06-67
Amanda,Cleveland,14-02-41
Halee,Chandler,23-02-42
Uriah,Randall,03-09-55
Keegan,Whitney,05-09-73
Rosalyn,Bruce,14-08-88
Lydia,Wright,24-09-99
Guy,Barr,03-01-47
Driscoll,Fischer,26-01-46
Carly,Rocha,05-04-57
Ryan,Wiley,20-06-52
Xena,Banks,17-02-83
Indigo,Foster,17-06-83
Lane,Wilkins,13-08-52
Brennan,Vance,08-07-75
Clementine,Berg,13-06-76
Danielle,Summers,17-12-30
Erasmus,Gonzalez,18-02-69
Clarke,Huff,18-08-37
Omar,Hodge,13-11-46
Logan,Payne,14-11-62
Quentin,Kim,03-03-91
Odessa,Mathews,30-07-51
Lionel,Pugh,24-07-68
Patrick,Brock,27-05-86
Zachery,Downs,09-02-94
Maxwell,Gross,13-11-53
Duncan,Garrett,22-01-69
Len,Chandler,19-07-48
Iona,Leach,24-02-66
Nicole,Tyson,11-07-51
Laith,Schwartz,27-09-38
Abel,Greene,21-04-99
Nolan,Garner,22-08-83
Imani,Parrish,10-03-64
Indigo,Delgado,04-06-44
Raphael,Carpenter,19-10-00
Gay,Garcia,09-08-57
Bruce,Beasley,20-03-59
Pandora,Yang,27-06-40
Justin,Terrell,26-03-74
Baker,Holloway,09-12-81
Leonard,Frazier,12-07-53
Matthew,Le,01-05-62
Nelle,Spears,16-02-87
Armand,Koch,07-06-86
Lev,Saunders,20-01-83
Shaeleigh,Medina,26-02-65
Paula,Melendez,04-10-85
Camille,Carrillo,05-03-75
Lavinia,Hardin,05-07-60
Cleo,Becker,03-08-84
Yoshio,Wall,17-03-54
Miranda,Barrera,17-09-88
Joan,Hahn,17-05-00
Portia,Kent,24-07-00
Unity,Stanton,04-11-86
Edward,Finley,31-10-33
Silas,Abbott,04-01-34
Nichole,Rowland,15-05-32
Kaye,Sears,04-04-34
Willow,Osborn,20-09-47
Kenyon,Sanders,30-10-37
Emerson,Taylor,05-04-69
Elaine,Cobb,05-08-38
Flynn,Christensen,30-01-71
Troy,Mcintyre,19-11-47
Kiona,Black,08-12-33
Chanda,Olson,10-02-30
Zeus,Nixon,28-11-45
Willow,Copeland,24-11-73
Jasmine,Haley,26-06-32
Avye,Calhoun,04-04-49
Carl,Graves,24-12-62
Virginia,Edwards,06-03-39
Gray,Chase,13-11-88
Galena,Holden,19-01-34
Shelly,Guthrie,29-10-84
Cooper,Boyle,01-03-60
Prescott,Serrano,08-11-40
Carter,Mcclure,01-03-99
Hamish,Cobb,11-05-58
Herrod,Roberts,12-03-82
Herrod,Butler,12-08-68
Cyrus,Roberson,19-05-40
Reese,Knapp,26-07-65
Elliott,Campos,20-10-74
Lane,Summers,11-11-81
Reed,Ramirez,06-01-95
Oren,Wells,29-03-63
Scott,Fitzpatrick,11-07-83
Xander,Galloway,26-07-73
Kamal,Hoffman,20-08-80
Wyatt,Flores,18-11-91
Yoshio,Shelton,04-11-37
Moses,Roth,09-09-54
Caesar,Long,19-11-39
Herman,Hardin,20-08-49
Alexandra,Forbes,15-12-62
Debra,Weeks,13-10-89
Josiah,George,22-12-55
Ora,Rodgers,28-12-46
Warren,Meadows,23-07-75
Noelani,Butler,13-10-90
Arsenio,Mayo,12-10-50
Clayton,Booth,21-09-84
Dakota,Glover,09-03-00
Bradley,Parker,16-06-87
Allegra,Herman,05-05-49
Bert,Acosta,04-04-95
Dillon,Campbell,09-10-65
Althea,Lawson,16-09-51
Rooney,Miller,05-02-73
Melvin,Bird,05-09-75
Octavia,Solis,19-06-46
Uta,Harris,26-11-57
Alexandra,Soto,15-04-64
Dora,Day,12-08-94
Dominic,Peters,16-04-47
Kai,Gentry,27-11-80
Orson,Mendoza,26-02-43
Gavin,Matthews,15-11-92
Quyn,Frye,18-06-68
Deborah,Farley,29-12-48
Piper,Serrano,15-04-78
Autumn,Pena,31-10-37
Kieran,Meyers,16-02-33
Zephania,Doyle,29-05-91
Jaime,Rosa,24-03-67
Magee,Fulton,24-06-38
Drake,Martinez,13-03-33
Destiny,Cook,19-07-55
Malcolm,Hardin,21-06-79
Wyatt,Lucas,09-08-36
Keiko,Powell,19-08-58
Constance,Holloway,02-04-44
Judith,Joseph,01-04-39
Ryan,Macdonald,26-07-51
Barclay,Singleton,17-12-39
Jason,Rogers,01-01-86
Byron,Shepard,24-07-71
Ava,Holcomb,04-12-79
Amery,Glover,15-11-34
Miranda,Palmer,27-01-99
Jakeem,Robinson,10-07-85
Unity,Ferrell,24-07-44
Shea,Mayo,20-06-46
Keelie,Landry,05-06-74
Caleb,Ford,12-02-77
Serina,Sawyer,03-01-64
Kerry,Pollard,18-01-46
Blair,Hill,14-12-93
Vladimir,Leblanc,24-01-68
Beverly,Waters,10-02-96
Tucker,Tran,26-01-86
Norman,Mcdowell,23-03-55
Sean,Hill,01-06-37
Camden,Gilliam,08-06-83
Orson,Ortega,01-03-40
Rae,Arnold,22-07-67
Jane,Hardy,07-11-00
Quentin,Koch,22-02-59
Wanda,Saunders,14-05-96
Audrey,Robinson,08-03-66
Urielle,Duffy,03-08-63
Miriam,Hayes,02-10-34
Jonah,Lewis,28-09-80
Aspen,Glover,24-01-35
Merrill,Gibson,15-01-89
Caesar,Rich,11-06-66
Burke,Holland,09-10-33
Theodore,French,24-09-71
Rina,Ramsey,18-06-70
Odysseus,Mercer,15-11-58
Veronica,Fuller,12-06-49
Raja,Sears,08-08-70
Samson,Chang,16-04-69
Shay,Munoz,28-06-41
Whitney,Bright,17-12-73
Tyler,Ramos,29-12-38
Montana,Matthews,20-06-58
Addison,Morris,27-08-62
Megan,Rose,01-04-97
Ifeoma,Steele,20-05-98
Fleur,Ferguson,15-03-64
Azalia,Shelton,26-04-57
Petra,Hodge,21-02-98
Finn,Larsen,11-02-70
Damian,Wall,24-04-52
Fritz,Carson,18-05-84
Xenos,Salazar,04-01-79
Kiayada,Rodgers,29-04-70
Ahmed,Terrell,14-12-93
Nolan,Compton,24-05-58
Aquila,Campbell,25-05-62
Lara,Morales,28-10-37
Jayme,Gill,31-10-41
Dorian,Hamilton,18-05-43
Kyle,Rich,25-01-41
Gemma,Carey,03-09-72
Preston,Knapp,15-10-54
Amos,Workman,22-11-45
Ira,Lamb,10-09-82
Trevor,Buckner,06-12-83
Keely,Guy,11-10-84
Vaughan,Roth,03-07-36
Honorato,Mccarty,28-09-75
Fulton,Morin,10-11-31
Cole,Saunders,02-06-50
Yvonne,Cruz,20-09-70
Dale,Cantrell,20-06-33
Mechelle,Dickerson,13-03-75
Donovan,Gray,07-10-49
Graiden,Reynolds,28-09-94
Dean,Hanson,05-10-59
Hall,Dickerson,04-10-87
Jesse,Avery,08-03-63
Driscoll,Moreno,04-06-76
Otto,Austin,04-12-37
Sara,Porter,29-10-45
Kane,Mendoza,18-04-96
Nelle,Mcclure,26-01-44
Grant,Weeks,16-05-92
Reuben,Potter,22-01-52
Nicholas,Burgess,03-03-98
Nadine,Gaines,22-06-90
Kelsie,Hopper,07-08-99
Francis,Anderson,09-11-81
Gisela,Lane,04-01-31
Chloe,Finch,17-12-61
Macon,Stone,29-07-62
Austin,Peck,10-08-36
Brady,Brock,18-05-70
Addison,Black,10-11-32
Dale,Owens,26-03-85
Erin,Dillon,26-03-96
Valentine,Bowers,10-08-64
Stewart,Yates,04-10-82
Chandler,Hickman,13-07-86
Deirdre,Odonnell,16-11-41
Rafael,Rios,26-07-78
Uma,Whitley,07-11-40
Buckminster,Mcmillan,03-04-74
Ira,Harrell,28-10-61
Cullen,Banks,26-06-88
Rahim,Larson,25-08-98
Ulysses,Hardy,23-01-90
Delilah,Mercer,25-05-92
Aileen,Gross,25-06-37
Aristotle,Figueroa,27-01-76
Tarik,Sherman,24-08-60
Sybil,Cherry,26-03-41
Caldwell,Park,07-08-00
Dakota,Joyce,16-08-00
Ramona,Shannon,01-05-79
Macaulay,Hendrix,06-11-49
Tasha,Rojas,01-10-45
Anne,Chandler,01-12-35
Ishmael,Foreman,25-10-70
Casey,Mann,26-12-67
Karyn,Moses,09-04-85
Eagan,Blackwell,21-06-74
Samuel,Stein,13-12-32
Channing,Miles,05-04-81
Dustin,Beasley,22-08-49
Henry,Jennings,13-04-97
Vernon,Savage,11-08-98
John,Sullivan,30-10-56
Larissa,Benton,28-01-87
Minerva,Frazier,29-10-64
Maxine,Carr,07-12-45
Ashton,Bray,10-07-73
Dennis,Pittman,17-05-69
Jonah,Fernandez,02-11-31
Vanna,Zamora,30-10-94
Jonas,Caldwell,01-08-56
Kevin,Hodge,29-04-71
May,Browning,13-08-79
David,Clay,06-06-90
Kaseem,Jordan,19-02-00
Jaden,House,04-08-95
Leroy,Goff,24-12-49
Castor,Meadows,05-04-73
Theodore,Booth,04-08-68
Faith,Stafford,22-02-80
Vaughan,Griffith,01-02-72
Simone,Weaver,25-04-77
Cynthia,Mayer,07-11-42
Illana,Hess,18-01-45
Daniel,Duke,16-05-83
Madeson,Owens,04-08-82
Flavia,Whitfield,07-10-82
Joshua,Ayala,08-08-52
Lara,Hickman,12-11-47
Wilma,Witt,03-10-72
Demetrius,Klein,19-06-69
Guy,Keller,14-02-66
Sebastian,Bishop,11-05-79
Aristotle,Parrish,28-03-77
Fritz,Bentley,03-02-00
Ursula,Ashley,24-12-87
Amery,Pearson,03-08-59
Dana,Stewart,18-12-44
Rana,Dejesus,06-09-44
Pearl,Velasquez,01-04-52
Brett,Reyes,04-01-40
Clio,Everett,17-11-57
Tucker,Hampton,08-01-93
Tobias,Stewart,02-01-76
Derek,Swanson,17-04-92
Sean,Quinn,16-11-99
Benedict,Bell,09-11-46
Leigh,Mcknight,20-08-59
Madaline,Stafford,13-11-57
Lilah,Stephens,21-06-46
Paloma,Acosta,03-07-69
Merrill,Robbins,27-09-77
Tana,Whitley,12-09-64
Macaulay,Farmer,09-09-45
Wyoming,Kane,02-12-90
Melinda,Gaines,07-08-57
Adrian,Todd,18-08-78
Jaime,Lester,02-12-73
Colton,Harris,18-01-70
Thor,Ashley,17-03-97
Kelsie,Mayer,14-06-70
Damon,Patrick,23-10-42
Dolan,Valentine,09-11-59
Thor,Dickerson,26-04-48
Janna,Whitfield,19-06-51
Jermaine,Frazier,03-10-60
Nasim,Odom,09-04-47
Nigel,Smith,13-04-89
Odysseus,Lang,15-12-64
Nissim,Thompson,06-11-98
Logan,Hughes,17-03-31
Kirsten,Powers,29-12-81
Cassady,Pate,10-10-40
Suki,Langley,17-04-31
Katelyn,Short,20-03-99
Talon,Farrell,16-06-63
Brent,William,12-05-48
Calista,Lee,19-05-77
Gannon,Stein,01-02-47
Joy,Pearson,11-12-58
Heather,Parker,12-04-81
Yardley,Odom,08-05-60
Xavier,Stout,26-05-58
Luke,Kelly,01-03-83
Cassidy,Franklin,18-05-42
Grady,Lawrence,04-01-83
Eleanor,Villarreal,01-03-90
Tucker,Avery,08-06-37
Cameran,Bright,17-12-54
Richard,Jackson,16-03-61
Jackson,Lawson,29-06-83
Hilda,Ayers,15-08-63
Phelan,Herring,09-11-92
Holly,Yang,22-07-82
Vaughan,Guerra,23-04-70
Mannix,Reeves,15-05-49
Cathleen,Bauer,19-05-59
Octavia,Crosby,01-05-70
Azalia,Crawford,19-03-82
Reagan,Kaufman,24-10-36
Gay,Bishop,20-08-78
Carson,Parks,11-05-86
Robert,Cortez,13-10-66
Malik,Leach,25-07-46
Brennan,Cotton,19-05-49
Grady,Mcknight,20-04-63
Randall,Pennington,29-05-84
Olympia,Blevins,24-09-48
Adam,Wooten,30-10-50
Gil,Ochoa,17-12-44
Honorato,Walton,13-11-71
Maris,Battle,05-11-99
Naomi,Kemp,12-09-86
Shad,Morgan,09-11-96
Karina,Hoover,08-11-79
Unity,Bass,29-01-56
Marny,Wallace,06-12-80
Bevis,Sweet,11-04-74
Xerxes,Lambert,22-10-79
Chaim,Horton,20-04-00
Fatima,Stuart,12-02-36
Clayton,Carpenter,02-02-68
Steel,Whitehead,11-12-44
Kirk,Diaz,16-06-35
Logan,Jensen,27-09-95
Kristen,Sparks,14-10-51
Lesley,Pennington,28-11-48
Castor,Thornton,08-06-70
Carlos,Fitzgerald,14-06-79
Lareina,Short,04-07-93
Keaton,Ayers,05-09-55
Devin,Hawkins,29-07-55
Kimberley,Glenn,09-12-50
Regan,Griffith,06-12-45
Hilda,Trevino,11-03-60
Audrey,Rollins,23-06-34
Asher,Whitehead,26-06-48
Phelan,Mayo,05-03-71
Dacey,Hays,16-04-49
Stella,Lindsay,06-07-65
Oliver,Cotton,10-08-40
Simone,Wheeler,18-07-93
Leah,Butler,06-05-43
Moses,Stout,17-02-65
Lila,Macias,12-04-56
Raven,Hurst,19-04-60
Rooney,Hebert,04-09-87
Amal,Cobb,23-06-45
Abra,Vargas,09-05-53
Neil,Barron,13-01-64
Lila,Mcfarland,20-01-90
Evan,Contreras,07-02-60
Aline,Mays,08-12-59
Jayme,Mays,07-06-37
Jameson,Wilkinson,02-10-41
Dieter,Noble,17-10-69
Herman,Luna,23-03-42
Lamar,Cabrera,31-03-41
Baker,Avila,28-11-32
Alma,Houston,04-12-90
Fletcher,Holland,14-06-40
Autumn,Robbins,24-01-97
Drake,Rodriguez,22-07-86
Price,Huffman,02-12-85
Xanthus,Kramer,04-11-79
Kaseem,Mathis,22-11-33
Lucian,Holloway,25-04-35
Nyssa,Ewing,22-03-98
Kellie,Jennings,29-11-58
Lyle,Schultz,26-05-47
Jermaine,Fernandez,25-06-57
Rahim,Patterson,29-04-55
Isaiah,Sheppard,09-09-60
Ivy,Pace,05-05-34
Gage,Mcleod,19-05-78
Gretchen,Owens,11-10-64
Uma,Gray,28-08-67
Nita,Bird,24-11-77
Emmanuel,Kirk,09-09-46
Lavinia,Harmon,27-02-79
September,Murray,08-10-69
Leonard,Mercer,29-04-49
Orli,Howell,07-01-89
Hilel,Ayala,13-06-34
Clarke,Sykes,07-02-83
Athena,Horn,07-12-62
Rhona,Moss,03-05-59
Britanney,Chambers,18-10-93
Harriet,Lancaster,18-09-34
Kamal,Herman,08-03-64
Yardley,Grimes,16-06-39
Joan,Cleveland,10-09-37
Jesse,Parks,13-11-30
Evan,Greene,04-06-33
